{
  "dtw_mean": 1.9932407229608333,
  "dtw_std": 0.6051821307041222,
  "feature_metrics": {
    "Global_active_power": {
      "wasserstein": 0.011513593035830078,
      "mse": 0.0017261859944354345,
      "correlation": 0.9558282783468963,
      "mmd": 0.00010412615116761614
    },
    "Global_reactive_power": {
      "wasserstein": 0.00969207612555466,
      "mse": 0.0016529464122703747,
      "correlation": 0.8825362830357638,
      "mmd": 2.701588857978443e-05
    },
    "Voltage": {
      "wasserstein": 0.004675669780692476,
      "mse": 0.0008890740644094272,
      "correlation": 0.96597495621122,
      "mmd": 1.9258864114579666e-06
    },
    "Global_intensity": {
      "wasserstein": 0.011010454077773745,
      "mse": 0.0016429988115992844,
      "correlation": 0.9548234647901548,
      "mmd": 0.0001210382833347623
    },
    "Sub_metering_1": {
      "wasserstein": 0.015598200564959443,
      "mse": 0.0012084534926107991,
      "correlation": 0.8930399459895869,
      "mmd": 0.00037213641004640863
    },
    "Sub_metering_2": {
      "wasserstein": 0.012042143861162922,
      "mse": 0.0017779023726449098,
      "correlation": 0.8913333513480258,
      "mmd": 0.00014862342093602265
    },
    "Sub_metering_3": {
      "wasserstein": 0.0524664636150306,
      "mse": 0.010933816706050196,
      "correlation": 0.9552254843480377,
      "mmd": 0.0018045579546304147
    }
  }
}